colony_id,species_code,timestep,area_timestep,area_nexttimestep
1,AC,2,841.3759246,2124.130838
1,AC,3,2124.130838,3619.610983
1,AC,4,3619.610983,1116.926219
1,AC,5,1116.926219,586.9181708
10,AC,2,2528.428886,2851.460599
10,AC,3,2851.460599,3365.150694
10,AC,4,3365.150694,825.7066497
101,AI,2,5153.803859,6337.020745
101,AI,3,6337.020745,2564.527552
101,AI,4,2564.527552,515.9749581
101,AI,5,515.9749581,119.2651971
104,AI,2,48.30067335,57.70835656
104,AI,3,57.70835656,93.0728411
106,AI,2,1586.716783,1246.018205
106,AI,3,1246.018205,919.3196178
106,AI,4,919.3196178,1133.357069
108,AI,2,566.3637147,708.4540381
108,AI,3,708.4540381,724.8448509
108,AI,4,724.8448509,298.0145651
109,AI,2,1250.86149,1980.795465
109,AI,5,744.2267621,171.6365471
11,AC,2,704.3991686,673.7998256
11,AC,3,673.7998256,1108.62605
11,AC,4,1108.62605,1432.336615
110,AI,4,513.6084198,401.3875071
110,AI,5,401.3875071,380.6368378
111,AI,2,3157.778193,3960.841605
111,AI,3,3960.841605,2044.419688
111,AI,4,2044.419688,3401.173774
111,AI,5,3401.173774,2538.659731
112,AI,2,1137.737088,1059.698784
112,AI,3,1059.698784,1207.399856
112,AI,4,1207.399856,1052.756404
112,AI,5,1052.756404,591.3612065
114,AI,2,761.5244261,1038.486305
114,AI,3,1038.486305,1350.172513
114,AI,4,1350.172513,1318.796204
114,AI,5,1318.796204,793.5118946
115,AI,2,373.4377405,177.624194
115,AI,3,177.624194,19.29668635
116,AI,4,47.34828055,50.34920455
116,AI,5,50.34920455,20.02999013
117,AI,2,672.9904289,589.5082074
117,AI,3,589.5082074,443.6891142
117,AI,4,443.6891142,60.18777043
117,AI,5,60.18777043,22.81354282
118,AI,2,1306.429447,46.34831597
119,AI,2,460.7074575,724.9452641
119,AI,3,724.9452641,1028.706451
119,AI,4,1028.706451,731.1874833
119,AI,5,731.1874833,610.6310027
12,AC,2,1171.760869,1627.528615
12,AC,3,1627.528615,1759.837784
12,AC,4,1759.837784,698.888773
12,AC,5,698.888773,177.3024922
121,AI,2,70.44220351,46.18989039
121,AI,3,46.18989039,111.791015
121,AI,4,111.791015,197.2950474
121,AI,5,197.2950474,160.8171808
122,AI,2,326.4148876,47.79887769
123,AI,3,204.2612492,55.08177297
124,AI,3,113.361784,185.2845465
124,AI,4,185.2845465,84.74483355
124,AI,5,84.74483355,92.82741197
125,AI,3,27.89355882,148.4358931
127,AL,2,283.403263,306.9090571
127,AL,3,306.9090571,311.4123527
128,AL,2,972.7061669,1171.847601
128,AL,3,1171.847601,672.5134405
129,AL,2,185.4801091,233.0409855
129,AL,3,233.0409855,213.5553088
130,AL,2,475.5533059,522.7752033
130,AL,3,522.7752033,606.2950691
130,AL,4,606.2950691,1039.953622
130,AL,5,1039.953622,826.0594744
132,AL,2,43.68171704,56.36858278
132,AL,3,56.36858278,43.532963
133,AL,2,437.1698457,491.8534395
133,AL,3,491.8534395,366.6789085
133,AL,4,366.6789085,281.3708812
133,AL,5,281.3708812,243.8326378
134,AL,2,231.0396765,329.8009468
134,AL,3,329.8009468,345.4155826
134,AL,4,345.4155826,13.7435592
135,AL,2,357.6138277,484.4349117
135,AL,3,484.4349117,737.8528736
135,AL,4,737.8528736,712.8530262
135,AL,5,712.8530262,827.2220851
136,AL,2,531.3930203,592.612691
136,AL,3,592.612691,986.4774225
136,AL,4,986.4774225,974.3245132
136,AL,5,974.3245132,1027.472116
137,AL,2,365.1914884,297.551915
137,AL,3,297.551915,300.7182088
138,AL,2,135.8582146,47.49169251
138,AL,3,47.49169251,10.47734819
139,AL,2,380.5729704,565.3520169
139,AL,3,565.3520169,815.8584075
139,AL,4,815.8584075,1081.151231
139,AL,5,1081.151231,747.4315628
140,AL,2,996.1142896,935.5494713
140,AL,3,935.5494713,860.9408704
140,AL,4,860.9408704,875.1902221
140,AL,5,875.1902221,617.5041028
141,AL,2,234.886008,288.541796
141,AL,3,288.541796,305.1347736
141,AL,4,305.1347736,203.7203774
141,AL,5,203.7203774,143.5906063
142,AL,2,357.387786,310.8832111
142,AL,3,310.8832111,411.3476103
142,AL,4,411.3476103,446.6261671
142,AL,5,446.6261671,503.0948552
143,AL,2,128.6319517,181.4252705
144,AL,2,386.2955697,304.0563718
145,AL,2,305.1042636,329.1167273
145,AL,3,329.1167273,352.3255479
145,AL,4,352.3255479,359.1399165
145,AL,5,359.1399165,187.9390133
146,AL,2,223.7270584,412.6154334
146,AL,3,412.6154334,593.0617668
146,AL,4,593.0617668,272.3192068
147,AL,2,346.229271,323.5945701
147,AL,3,323.5945701,339.6133857
147,AL,4,339.6133857,235.3900553
147,AL,5,235.3900553,13.36428389
148,AL,2,271.6225618,329.642333
148,AL,3,329.642333,359.3507652
148,AL,4,359.3507652,389.1917575
148,AL,5,389.1917575,384.2708497
15,AC,2,1216.41819,1901.662065
15,AC,3,1901.662065,2685.859937
15,AC,4,2685.859937,1248.523348
15,AC,5,1248.523348,386.282103
151,AL,2,412.6023438,443.3876806
151,AL,3,443.3876806,408.8865367
151,AL,4,408.8865367,290.717934
152,AL,2,402.9002808,550.4209315
152,AL,3,550.4209315,781.5153334
152,AL,4,781.5153334,461.4236977
152,AL,5,461.4236977,506.6620205
154,AL,2,306.8870985,559.5092248
154,AL,3,559.5092248,972.40131
154,AL,4,972.40131,1113.420626
154,AL,5,1113.420626,331.0759109
155,AL,2,317.578643,307.7599942
155,AL,3,307.7599942,365.250236
155,AL,4,365.250236,401.5774201
156,AL,2,144.3346791,263.7493429
156,AL,3,263.7493429,376.9792921
156,AL,4,376.9792921,347.8894408
156,AL,5,347.8894408,195.2932665
157,AL,2,1405.778426,1875.245139
157,AL,3,1875.245139,2394.196493
157,AL,4,2394.196493,78.82451025
158,AL,3,255.9497211,276.7666019
158,AL,4,276.7666019,281.8616529
159,AL,3,521.0981607,601.7209739
159,AL,4,601.7209739,768.2392078
159,AL,5,768.2392078,317.545558
16,AC,2,3636.458019,3070.096417
16,AC,3,3070.096417,3269.989389
160,AM,2,324.7614718,85.94036375
160,AM,3,85.94036375,80.58798202
160,AM,4,80.58798202,49.27410404
160,AM,5,49.27410404,23.5822027
161,AM,2,189.6633475,142.0526213
161,AM,3,142.0526213,246.9373022
161,AM,4,246.9373022,205.2407332
163,AM,2,252.6092276,231.0483291
163,AM,3,231.0483291,222.6252792
164,AM,2,58.30683453,52.46746677
164,AM,3,52.46746677,35.75363866
164,AM,4,35.75363866,60.45360231
165,AM,2,223.1723267,47.19497184
165,AM,3,47.19497184,41.25670741
165,AM,4,41.25670741,30.32584905
166,AM,2,257.0702143,240.2826159
166,AM,3,240.2826159,297.0371147
166,AM,4,297.0371147,218.9434765
166,AM,5,218.9434765,29.23649758
167,AM,2,523.2040649,601.5639823
167,AM,3,601.5639823,764.1299277
168,AM,2,261.0986174,174.2809734
168,AM,3,174.2809734,104.9379409
169,AM,2,491.7034071,513.3952471
169,AM,3,513.3952471,789.4822792
169,AM,4,789.4822792,443.0639527
17,AC,2,1512.497865,2344.699731
17,AC,3,2344.699731,3413.91597
170,AM,2,597.1257472,549.7584386
170,AM,3,549.7584386,272.7014903
170,AM,4,272.7014903,123.377538
172,AM,2,272.2825196,298.3436921
173,AM,2,558.2932928,290.7680392
173,AM,3,290.7680392,354.7406024
173,AM,4,354.7406024,36.7492394
174,AM,2,1269.046286,1395.082114
174,AM,3,1395.082114,1434.991195
174,AM,4,1434.991195,1018.799567
174,AM,5,1018.799567,25.49970153
175,AM,2,137.2125262,292.9841758
175,AM,3,292.9841758,421.2019919
175,AM,4,421.2019919,562.2846646
175,AM,5,562.2846646,778.1417722
177,AM,2,293.2370453,284.6600042
177,AM,3,284.6600042,96.77672341
178,AM,2,296.5806473,304.1097692
178,AM,3,304.1097692,376.2727897
179,AM,2,321.5081783,320.6619631
179,AM,3,320.6619631,311.4714994
179,AM,4,311.4714994,305.8517586
182,AM,2,96.22269776,172.7110162
182,AM,3,172.7110162,305.2695238
182,AM,4,305.2695238,401.2975581
182,AM,5,401.2975581,358.9282436
183,AM,2,132.0157162,226.0103506
183,AM,3,226.0103506,306.9395925
183,AM,4,306.9395925,188.9426224
183,AM,5,188.9426224,172.4711542
184,AM,2,120.0531687,199.5015837
184,AM,3,199.5015837,178.8920359
185,AM,2,191.0745458,86.67751306
186,AM,2,185.9853451,210.4953288
186,AM,3,210.4953288,258.7834606
186,AM,4,258.7834606,85.3878903
187,AM,2,258.1057036,396.2861222
187,AM,3,396.2861222,234.2241666
188,AM,2,354.1193051,272.0656605
188,AM,3,272.0656605,199.1299459
188,AM,4,199.1299459,48.46092828
19,AC,2,103.880228,148.5295127
19,AC,3,148.5295127,216.1078668
191,AN,2,509.1961413,358.5171033
191,AN,3,358.5171033,296.6456756
191,AN,4,296.6456756,544.3352848
191,AN,5,544.3352848,337.0686178
192,AN,2,859.7276378,1171.686761
192,AN,3,1171.686761,1283.8213
193,AN,2,646.5568247,707.9579304
193,AN,3,707.9579304,735.4865006
193,AN,4,735.4865006,451.1918162
194,AN,2,216.6824073,258.3460502
194,AN,3,258.3460502,198.4138973
194,AN,4,198.4138973,85.5707894
194,AN,5,85.5707894,36.25873358
195,AN,2,324.4522496,311.3622793
195,AN,3,311.3622793,133.3423588
196,AN,2,325.4182082,484.5283419
196,AN,3,484.5283419,419.1424667
196,AN,4,419.1424667,290.4383208
196,AN,5,290.4383208,214.1439868
197,AN,2,302.285872,411.0941643
197,AN,3,411.0941643,541.1917882
197,AN,4,541.1917882,191.2336201
197,AN,5,191.2336201,268.5460211
198,AN,2,674.4815252,542.325079
198,AN,3,542.325079,324.2860437
198,AN,4,324.2860437,295.0591421
199,AN,2,237.1815091,91.31067428
199,AN,3,91.31067428,217.3060136
199,AN,4,217.3060136,347.2994715
199,AN,5,347.2994715,401.9986998
2,AC,2,1091.382469,1550.247816
20,AC,2,174.9937942,354.2407976
201,AN,2,602.0872182,581.428948
201,AN,3,581.428948,261.1911876
201,AN,4,261.1911876,153.4654136
203,AN,2,148.493498,172.1831749
203,AN,3,172.1831749,177.1356053
203,AN,4,177.1356053,233.8651997
203,AN,5,233.8651997,65.12208593
204,AN,2,1101.785052,1047.635708
204,AN,3,1047.635708,1296.287595
205,AN,2,313.4294739,298.2718327
207,AN,2,232.9949474,141.7093463
208,AN,2,178.1594818,221.360679
208,AN,3,221.360679,382.1929104
209,AN,2,812.6432675,566.2749635
21,AC,2,1908.735756,2788.20832
21,AC,3,2788.20832,3919.69119
21,AC,4,3919.69119,2684.614578
21,AC,5,2684.614578,1230.015226
211,AN,2,204.3922868,90.52754303
214,AN,2,694.3339092,986.3236692
214,AN,3,986.3236692,1142.927119
214,AN,4,1142.927119,1041.359649
217,AN,2,229.6183041,222.0211855
217,AN,3,222.0211855,79.85859729
217,AN,4,79.85859729,15.10676706
218,AN,2,533.983653,382.4490096
218,AN,3,382.4490096,388.8817363
218,AN,4,388.8817363,432.8716083
219,AN,2,621.4319951,524.6166134
219,AN,3,524.6166134,599.1087803
219,AN,4,599.1087803,700.3855193
219,AN,5,700.3855193,192.9757827
22,AC,2,613.6160084,1185.187384
22,AC,3,1185.187384,1571.994276
22,AC,4,1571.994276,973.6811794
220,AN,2,296.0049324,311.9630362
220,AN,3,311.9630362,320.4715765
220,AN,4,320.4715765,342.5959572
220,AN,5,342.5959572,296.4626768
221,AN,2,320.1852964,458.2462901
221,AN,3,458.2462901,569.0347677
221,AN,4,569.0347677,298.5847511
222,AN,2,626.8851584,575.9603076
222,AN,3,575.9603076,639.3939677
223,AN,2,438.5242149,515.990281
223,AN,3,515.990281,450.2117253
224,AN,2,224.9041037,373.6860256
224,AN,3,373.6860256,435.5098385
224,AN,4,435.5098385,273.4125698
225,AN,2,732.0851122,741.9610969
225,AN,3,741.9610969,784.1383086
225,AN,4,784.1383086,678.1865916
226,AN,2,521.0505798,463.0246531
226,AN,3,463.0246531,245.8291382
227,AN,2,631.9972176,618.3489778
227,AN,3,618.3489778,438.6386982
227,AN,4,438.6386982,37.45674062
228,AN,2,538.2201397,510.0071964
228,AN,3,510.0071964,524.731129
229,AN,2,1005.341125,754.7674971
229,AN,3,754.7674971,863.261418
230,AN,2,1063.747318,1118.382717
230,AN,3,1118.382717,964.1477157
230,AN,4,964.1477157,790.8969762
231,AN,3,750.1699067,905.4682844
231,AN,4,905.4682844,388.8306582
231,AN,5,388.8306582,1.581558786
232,AN,3,111.1502421,171.5101975
232,AN,4,171.5101975,274.1165955
232,AN,5,274.1165955,393.1109691
235,AN,3,107.9409122,158.1449175
235,AN,4,158.1449175,114.0985944
236,AR,2,759.1446679,909.9252503
236,AR,3,909.9252503,659.9171456
236,AR,4,659.9171456,299.1161015
236,AR,5,299.1161015,279.8621581
237,AR,2,418.5731482,552.2364707
237,AR,3,552.2364707,876.212999
237,AR,4,876.212999,706.054487
237,AR,5,706.054487,505.2917288
238,AR,2,555.274929,562.6491926
238,AR,3,562.6491926,737.0743828
238,AR,4,737.0743828,52.64790153
239,AR,2,350.8017265,407.1227984
239,AR,3,407.1227984,738.5688138
239,AR,4,738.5688138,392.0604024
239,AR,5,392.0604024,295.1476791
24,AC,2,2385.933259,2210.207763
24,AC,3,2210.207763,1873.140461
24,AC,4,1873.140461,2105.815236
241,AR,2,531.043674,593.043252
241,AR,3,593.043252,708.1033954
241,AR,4,708.1033954,700.6938494
241,AR,5,700.6938494,502.5260799
242,AR,2,140.6781577,131.1088181
242,AR,3,131.1088181,167.8434677
243,AR,2,1073.42558,926.5094474
243,AR,3,926.5094474,940.8343768
244,AR,2,3226.152414,2674.955275
244,AR,3,2674.955275,2080.922577
244,AR,4,2080.922577,2073.762649
244,AR,5,2073.762649,1446.450646
245,AR,2,147.6291361,312.4118761
245,AR,3,312.4118761,179.5259959
246,AR,2,2043.223514,1006.411486
246,AR,3,1006.411486,1207.471575
246,AR,4,1207.471575,1542.779839
246,AR,5,1542.779839,1069.127691
247,AR,2,2057.824301,2611.294499
247,AR,3,2611.294499,2972.973812
247,AR,4,2972.973812,2652.258155
247,AR,5,2652.258155,392.2739812
248,AR,2,717.0002082,1267.675282
248,AR,3,1267.675282,1557.583348
248,AR,4,1557.583348,1259.524221
248,AR,5,1259.524221,1106.936014
249,AR,2,1937.401529,1376.265434
249,AR,3,1376.265434,1273.525973
249,AR,4,1273.525973,1096.930628
249,AR,5,1096.930628,367.874458
25,AC,2,229.7462315,270.14536
250,AR,2,541.4697044,28.55484241
250,AR,3,28.55484241,56.36052984
251,AR,2,7592.485002,10236.44758
251,AR,3,10236.44758,8450.7423
252,AR,2,236.9674289,486.1093311
252,AR,3,486.1093311,625.2670557
252,AR,4,625.2670557,591.3796757
252,AR,5,591.3796757,340.0124926
253,AR,2,2937.879357,3072.813619
253,AR,3,3072.813619,3282.013049
253,AR,4,3282.013049,1016.8307
253,AR,5,1016.8307,1006.16549
254,AR,2,360.3072434,431.1870602
254,AR,3,431.1870602,454.2573797
255,AR,2,783.769452,1368.328181
255,AR,3,1368.328181,1504.612674
255,AR,4,1504.612674,1091.042672
255,AR,5,1091.042672,372.8649136
256,AR,2,391.5077577,506.1672687
256,AR,3,506.1672687,186.8765868
256,AR,4,186.8765868,58.86740669
257,AR,2,1233.733419,1914.209553
259,AR,2,867.0991617,1061.710553
259,AR,3,1061.710553,1073.108568
259,AR,4,1073.108568,1097.382138
259,AR,5,1097.382138,1064.885947
26,AC,2,4872.122198,6819.60096
26,AC,3,6819.60096,7029.101535
260,AR,2,495.8303513,643.3828276
260,AR,3,643.3828276,636.0914073
260,AR,4,636.0914073,601.1664822
260,AR,5,601.1664822,570.8587393
261,AR,2,3154.521094,8788.36325
261,AR,3,8788.36325,4625.028108
261,AR,4,4625.028108,5528.72188
262,AR,2,836.2572016,816.4836729
262,AR,3,816.4836729,700.888421
262,AR,4,700.888421,769.2989027
262,AR,5,769.2989027,544.2872738
263,AR,2,308.5013172,604.900854
263,AR,3,604.900854,357.6024935
263,AR,4,357.6024935,205.6664371
263,AR,5,205.6664371,158.6205169
264,AR,2,709.2932346,700.6344679
264,AR,3,700.6344679,429.6451616
265,AR,2,379.6103091,243.1203061
265,AR,3,243.1203061,197.0991443
265,AR,4,197.0991443,5.189459345
266,AR,2,149.8291993,337.8472422
266,AR,3,337.8472422,451.5573702
267,AS,2,258.3552979,159.2362984
267,AS,3,159.2362984,50.75700692
268,AS,2,70.25913381,92.96541163
268,AS,3,92.96541163,119.9781713
269,AS,2,166.6966968,154.2879239
269,AS,3,154.2879239,165.2764118
269,AS,4,165.2764118,89.65372044
269,AS,5,89.65372044,87.8808062
271,AS,2,344.8387461,264.676363
271,AS,3,264.676363,269.2228864
271,AS,4,269.2228864,350.6867174
271,AS,5,350.6867174,300.9797736
272,AS,2,25.66260484,44.08134462
272,AS,3,44.08134462,29.82142406
274,AS,2,385.6331514,216.343029
274,AS,3,216.343029,189.9409573
275,AS,2,300.7660894,474.3778764
275,AS,3,474.3778764,511.3518647
277,AS,2,489.5798688,467.6182208
277,AS,3,467.6182208,513.4811637
277,AS,4,513.4811637,462.4420869
277,AS,5,462.4420869,441.9223371
278,AS,2,576.5579085,728.945997
278,AS,3,728.945997,721.5112002
278,AS,4,721.5112002,795.8272877
278,AS,5,795.8272877,819.6993816
280,AS,2,425.4243746,344.8477908
280,AS,3,344.8477908,301.8510945
280,AS,4,301.8510945,266.1256424
280,AS,5,266.1256424,248.2200045
281,AS,2,191.5204084,161.413031
281,AS,3,161.413031,204.6956967
281,AS,4,204.6956967,211.9584184
281,AS,5,211.9584184,179.4582563
282,AS,2,104.2894845,118.7483705
282,AS,3,118.7483705,118.1478314
282,AS,4,118.1478314,92.96623409
282,AS,5,92.96623409,79.90936059
283,AS,2,42.82903834,89.81833958
283,AS,3,89.81833958,159.9649286
283,AS,4,159.9649286,165.7909759
283,AS,5,165.7909759,235.1861989
284,AS,2,338.4298082,332.0955708
284,AS,3,332.0955708,245.8719286
285,AS,2,118.8640706,160.8833917
285,AS,3,160.8833917,188.879852
285,AS,4,188.879852,52.83494862
286,AS,2,213.8785231,309.6734755
286,AS,3,309.6734755,368.7275965
286,AS,4,368.7275965,398.2639476
286,AS,5,398.2639476,417.809181
287,AS,2,23.54560251,8.995517976
288,AS,2,189.0014742,180.3132969
288,AS,3,180.3132969,109.0494261
288,AS,4,109.0494261,104.9060277
288,AS,5,104.9060277,76.71702742
289,AS,2,115.3444043,136.2604268
289,AS,3,136.2604268,92.18910134
289,AS,4,92.18910134,162.5859145
289,AS,5,162.5859145,146.7614293
29,AC,2,5073.337601,9525.468729
29,AC,3,9525.468729,6154.31417
29,AC,4,6154.31417,9703.319833
29,AC,5,9703.319833,10618.81288
290,AS,2,753.3144597,691.4359191
290,AS,3,691.4359191,785.8107923
290,AS,4,785.8107923,987.2304119
290,AS,5,987.2304119,832.3804343
291,AS,2,472.0971314,506.5535469
291,AS,3,506.5535469,208.2431212
291,AS,4,208.2431212,50.36516786
292,AS,2,109.9771175,155.7832005
292,AS,3,155.7832005,133.5347037
293,AS,2,274.1339789,344.8229866
293,AS,3,344.8229866,443.2124676
293,AS,4,443.2124676,403.9103343
294,AS,2,121.9510306,211.3232377
294,AS,3,211.3232377,212.5484318
294,AS,4,212.5484318,198.8898817
294,AS,5,198.8898817,164.9409016
295,AS,2,504.5941377,635.1139832
295,AS,3,635.1139832,1149.473294
295,AS,4,1149.473294,1050.311902
295,AS,5,1050.311902,753.0254373
297,AS,3,439.108743,341.2556904
297,AS,4,341.2556904,61.69409502
298,GP,2,144.1402879,136.6261651
298,GP,3,136.6261651,46.61793881
298,GP,4,46.61793881,131.6199739
298,GP,5,131.6199739,141.0317285
299,GP,2,89.97399549,78.84446352
299,GP,3,78.84446352,81.08187832
299,GP,4,81.08187832,92.90090294
299,GP,5,92.90090294,88.21511566
30,AC,2,3751.251661,1383.988296
30,AC,3,1383.988296,827.0311671
30,AC,4,827.0311671,949.0823885
30,AC,5,949.0823885,423.2219377
300,GP,2,25.18876796,35.19347574
300,GP,3,35.19347574,15.71181609
300,GP,4,15.71181609,26.59071596
300,GP,5,26.59071596,41.32164295
301,GP,2,79.37568718,117.652702
301,GP,3,117.652702,72.05690297
301,GP,4,72.05690297,62.39750263
301,GP,5,62.39750263,61.12253838
302,GP,2,57.64218995,56.26618206
302,GP,3,56.26618206,74.74189959
302,GP,4,74.74189959,90.80412896
302,GP,5,90.80412896,82.53194017
303,GP,2,21.17929514,32.69036907
304,GP,2,78.02858536,64.57903018
304,GP,3,64.57903018,86.56996429
304,GP,4,86.56996429,105.8813036
304,GP,5,105.8813036,85.89013876
305,GP,2,166.6953575,84.32553253
305,GP,3,84.32553253,140.5470259
305,GP,4,140.5470259,158.9149407
305,GP,5,158.9149407,134.5927803
306,GP,2,52.12677293,65.55932655
306,GP,3,65.55932655,86.02061601
306,GP,4,86.02061601,93.56011436
306,GP,5,93.56011436,95.89191802
307,GP,2,169.2449066,184.1657726
307,GP,3,184.1657726,164.8201375
307,GP,4,164.8201375,69.16926149
307,GP,5,69.16926149,51.30201293
308,GP,2,44.24115775,66.80254235
308,GP,3,66.80254235,70.81039026
308,GP,4,70.81039026,64.51045201
308,GP,5,64.51045201,90.09421305
309,GP,2,27.26703207,42.94277402
309,GP,3,42.94277402,24.44587253
309,GP,4,24.44587253,6.706317557
309,GP,5,6.706317557,76.00217565
310,GP,2,79.01444363,104.1831767
310,GP,3,104.1831767,114.5445795
311,GP,2,70.58738657,103.2469634
311,GP,3,103.2469634,66.10251216
311,GP,4,66.10251216,102.5922446
311,GP,5,102.5922446,127.7692156
312,GP,2,69.24103775,66.44788019
312,GP,3,66.44788019,56.97174658
312,GP,4,56.97174658,36.13511083
312,GP,5,36.13511083,34.26216211
313,GP,2,66.99311504,77.33675392
313,GP,3,77.33675392,79.83335481
313,GP,4,79.83335481,92.84831427
313,GP,5,92.84831427,79.34607709
314,GP,2,253.8516658,219.0173737
314,GP,3,219.0173737,216.8725305
314,GP,4,216.8725305,220.8662069
314,GP,5,220.8662069,208.4877935
315,GP,2,97.48398206,109.3152389
315,GP,3,109.3152389,103.7846389
315,GP,4,103.7846389,129.0459892
315,GP,5,129.0459892,91.29541277
316,GP,2,72.85969285,105.0665423
316,GP,3,105.0665423,106.4048748
316,GP,4,106.4048748,114.1707964
318,GP,2,120.269019,153.0989549
318,GP,3,153.0989549,136.7563834
318,GP,4,136.7563834,166.1387254
318,GP,5,166.1387254,29.88382025
319,GP,2,55.31162392,59.04130884
319,GP,3,59.04130884,49.66105807
319,GP,4,49.66105807,16.52476874
319,GP,5,16.52476874,22.64433717
32,AC,3,106.5096338,140.8725076
321,GP,2,62.93026147,63.12428644
321,GP,3,63.12428644,50.5038596
321,GP,4,50.5038596,75.34141462
321,GP,5,75.34141462,6.499237701
323,GP,2,13.04387891,27.01250245
323,GP,3,27.01250245,14.6132317
323,GP,4,14.6132317,29.32220238
323,GP,5,29.32220238,20.49964137
324,GP,2,46.20104261,43.73874005
324,GP,5,3.190913509,6.940631002
325,GP,2,281.7608504,240.0346536
325,GP,3,240.0346536,253.9299058
325,GP,4,253.9299058,264.0526512
325,GP,5,264.0526512,154.3547472
326,GP,2,133.2034867,183.3188575
326,GP,3,183.3188575,112.1801385
326,GP,4,112.1801385,88.43497395
326,GP,5,88.43497395,191.9293046
327,GP,2,26.10063507,26.25718107
327,GP,3,26.25718107,36.09402861
327,GP,4,36.09402861,25.16867269
33,AC,3,360.9578437,548.8728466
33,AC,4,548.8728466,488.5818158
330,GP,5,26.2589295,25.06396369
331,GR,2,36.34360679,36.42894428
331,GR,3,36.42894428,16.73763169
331,GR,4,16.73763169,41.55405071
331,GR,5,41.55405071,14.28235906
332,GR,2,398.1122331,457.6560918
332,GR,3,457.6560918,444.0828953
332,GR,4,444.0828953,461.8830574
332,GR,5,461.8830574,490.8209484
333,GR,2,37.3387929,59.97176962
333,GR,3,59.97176962,49.60432139
333,GR,4,49.60432139,55.32552639
333,GR,5,55.32552639,40.24627372
334,GR,2,42.78235302,6.517031784
335,GR,2,601.3377706,656.064107
335,GR,3,656.064107,377.1082654
335,GR,4,377.1082654,311.1112183
335,GR,5,311.1112183,333.7611862
336,GR,2,261.9257273,235.529374
336,GR,5,300.2211903,318.3166597
337,GR,2,228.2401128,325.1812684
337,GR,3,325.1812684,216.047313
337,GR,4,216.047313,240.9872514
337,GR,5,240.9872514,239.299393
338,GR,2,188.3031736,247.0212326
338,GR,3,247.0212326,258.8240087
338,GR,4,258.8240087,232.7990878
338,GR,5,232.7990878,250.0949094
339,GR,2,188.3664058,102.3452188
339,GR,3,102.3452188,107.017721
34,AC,3,2149.832133,2664.97439
34,AC,4,2664.97439,2810.239174
34,AC,5,2810.239174,2711.559199
340,GR,2,174.5011058,132.1835308
340,GR,3,132.1835308,183.4839744
340,GR,4,183.4839744,169.7619765
340,GR,5,169.7619765,208.3930476
341,GR,2,540.8885574,487.0589702
341,GR,3,487.0589702,448.4273352
341,GR,4,448.4273352,391.4961885
341,GR,5,391.4961885,411.6075495
342,GR,2,174.8643056,165.1278509
342,GR,3,165.1278509,182.9761324
342,GR,4,182.9761324,223.4323518
342,GR,5,223.4323518,237.5733605
343,GR,2,232.521375,264.7441921
343,GR,3,264.7441921,202.2654909
343,GR,4,202.2654909,220.8530949
343,GR,5,220.8530949,236.4519242
344,GR,2,230.161586,216.4681884
344,GR,3,216.4681884,161.8264613
344,GR,4,161.8264613,112.4883993
344,GR,5,112.4883993,88.14228751
345,GR,2,193.210796,172.535416
345,GR,3,172.535416,245.0168043
345,GR,4,245.0168043,180.4037426
345,GR,5,180.4037426,272.6723631
346,GR,2,206.0459093,191.2111002
346,GR,3,191.2111002,160.4856338
346,GR,4,160.4856338,140.6677855
346,GR,5,140.6677855,114.6997998
347,GR,2,173.3198735,197.9094263
347,GR,3,197.9094263,147.8850712
347,GR,4,147.8850712,159.2189388
347,GR,5,159.2189388,177.8878706
348,GR,4,78.38968346,53.74096015
348,GR,5,53.74096015,60.14472532
349,GR,2,70.97050742,81.32299548
349,GR,3,81.32299548,33.10612619
35,AD,2,748.6337412,420.0689166
35,AD,3,420.0689166,395.3833633
35,AD,4,395.3833633,372.0703942
35,AD,5,372.0703942,302.3732393
350,GR,2,724.3690926,264.8682053
350,GR,3,264.8682053,247.0361127
350,GR,4,247.0361127,313.0278773
350,GR,5,313.0278773,352.8528248
351,GR,2,19.40925617,19.62555356
351,GR,3,19.62555356,7.061365349
352,GR,2,239.869681,261.0829795
352,GR,3,261.0829795,290.907612
352,GR,4,290.907612,306.9332453
352,GR,5,306.9332453,305.9034487
353,GR,2,113.0740942,81.7820184
353,GR,3,81.7820184,97.06070242
354,GR,2,93.97069897,158.1614107
354,GR,3,158.1614107,171.9484909
354,GR,4,171.9484909,193.5205738
354,GR,5,193.5205738,198.2591866
355,GR,2,456.0070046,508.5925028
355,GR,3,508.5925028,494.3246499
355,GR,4,494.3246499,408.1181006
355,GR,5,408.1181006,461.1353863
356,GR,2,84.89456226,65.50474234
356,GR,3,65.50474234,19.87313287
356,GR,4,19.87313287,11.75776225
356,GR,5,11.75776225,8.722819826
357,GR,2,93.14094491,101.3459174
358,GR,2,890.0324192,1058.312067
358,GR,3,1058.312067,1174.381803
358,GR,4,1174.381803,1216.958228
358,GR,5,1216.958228,1530.842716
359,GR,2,210.3812962,219.0966639
359,GR,3,219.0966639,204.4910548
359,GR,4,204.4910548,182.7383541
359,GR,5,182.7383541,201.1554026
36,AD,2,573.2856145,506.0721606
36,AD,3,506.0721606,598.4689612
36,AD,4,598.4689612,653.0515676
36,AD,5,653.0515676,682.4218142
360,GR,2,242.8671306,160.2347689
360,GR,3,160.2347689,138.4615124
360,GR,4,138.4615124,126.829266
360,GR,5,126.829266,87.78992475
361,GR,3,48.32094578,72.00825715
361,GR,4,72.00825715,62.08846184
361,GR,5,62.08846184,65.99544634
365,AR,3,4295.832324,1919.65487
365,AR,4,1919.65487,3849.138117
365,AR,5,3849.138117,3820.854787
367,AH,5,2241.428429,2357.350847
368,AS,5,129.3471811,85.92722042
369,AH,5,1631.398992,1683.929806
37,AD,2,640.5044387,532.6038931
37,AD,3,532.6038931,645.8830826
37,AD,4,645.8830826,740.0722558
37,AD,5,740.0722558,808.1646096
370,AS,5,174.2716281,195.9063955
371,AR,5,186.2507959,236.2269409
373,AS,5,73.71959046,130.7552859
374,AH,5,3415.345231,3713.481471
375,AS,5,149.579631,150.4575309
376,AS,5,78.90217061,101.5666417
377,AH,5,141.7866038,387.6296102
378,AS,5,88.59765466,84.32094194
379,AH,5,5125.205355,5063.682853
38,AD,2,24.7419463,42.3352044
380,AH,5,407.7775699,453.4088037
381,AR,5,359.3204184,358.2588855
382,AH,5,92.33319392,256.7869885
383,AH,5,6238.914677,7706.535907
384,AL,5,502.5866984,496.9828497
385,AD,5,458.8120847,427.0813405
386,AS,5,95.86135415,101.0148333
387,AH,5,726.2512364,689.4837044
388,AD,5,395.0882047,437.786919
389,AD,5,301.7830224,304.1604343
39,AD,2,559.6236959,452.1251218
39,AD,3,452.1251218,394.160887
390,AL,5,1179.058298,1344.215343
391,AS,5,206.2489301,159.4544804
392,AC,5,1906.395481,1869.643839
393,AS,5,406.4517502,398.0270866
394,AC,5,3993.830134,4227.258115
395,AS,5,55.43597907,93.92812304
396,AH,5,5451.54778,6013.784424
397,AN,5,434.7716714,370.411415
398,AS,5,193.677109,199.7432484
399,AN,5,275.5892517,350.0473399
4,AC,2,3114.370476,3612.167838
40,AD,2,776.9302575,867.7189377
40,AD,3,867.7189377,886.0653253
40,AD,4,886.0653253,770.4665008
40,AD,5,770.4665008,296.4983208
400,AS,5,289.0436569,228.3373482
401,AD,5,803.9387241,816.2184433
402,AS,5,330.4676957,334.640476
403,AN,5,2342.35586,2245.729886
404,AH,5,890.3514864,932.3079276
405,AH,5,2781.065217,3448.552502
406,AS,5,32.08496685,52.1731604
407,AC,5,509.4359199,783.6678045
41,AD,2,292.8471606,262.0660286
410,AL,5,1041.955726,965.5061007
411,AR,5,719.8999173,419.3398412
412,AD,5,1051.458733,1298.325554
413,AL,5,318.2550585,229.9593035
414,AN,5,372.7873132,547.8868118
415,AN,5,105.6742506,211.6259863
416,AC,5,5195.753986,5599.081253
43,AD,2,346.0604923,360.2995337
43,AD,3,360.2995337,374.0422228
43,AD,4,374.0422228,279.9005978
43,AD,5,279.9005978,144.5254742
44,AD,2,670.3073155,563.7523697
44,AD,3,563.7523697,425.0220459
44,AD,4,425.0220459,419.2928602
44,AD,5,419.2928602,316.8694819
45,AD,2,89.04485268,120.9155758
45,AD,3,120.9155758,143.1317369
45,AD,4,143.1317369,155.9842911
45,AD,5,155.9842911,148.5151271
47,AD,2,475.8855337,91.38705609
48,AD,2,1301.677788,1449.174299
48,AD,3,1449.174299,1317.139948
48,AD,4,1317.139948,1193.425578
49,AD,2,295.1168779,231.9890354
49,AD,3,231.9890354,137.5798757
49,AD,4,137.5798757,138.5679881
49,AD,5,138.5679881,145.8011461
51,AD,2,385.4736265,439.2086205
51,AD,3,439.2086205,486.0990387
51,AD,4,486.0990387,468.2209342
51,AD,5,468.2209342,385.9562486
52,AD,2,419.9195267,463.3218215
52,AD,3,463.3218215,510.5872967
52,AD,4,510.5872967,523.8039867
52,AD,5,523.8039867,513.3262004
53,AD,2,100.5393096,142.1905551
53,AD,3,142.1905551,187.8501455
53,AD,4,187.8501455,238.7565402
53,AD,5,238.7565402,216.7932404
54,AD,2,212.1192392,421.9545868
54,AD,3,421.9545868,472.5239491
54,AD,4,472.5239491,551.2729175
54,AD,5,551.2729175,592.8145267
55,AD,2,314.6410163,508.7018386
55,AD,3,508.7018386,674.700924
55,AD,4,674.700924,885.497124
55,AD,5,885.497124,991.7866046
56,AD,2,106.2365818,120.7717409
56,AD,3,120.7717409,155.6780696
56,AD,4,155.6780696,114.565261
56,AD,5,114.565261,160.1940077
57,AD,2,497.8715092,461.8334289
57,AD,3,461.8334289,540.2571241
57,AD,4,540.2571241,542.3977725
57,AD,5,542.3977725,534.8538205
58,AD,2,443.5709405,554.0345069
58,AD,3,554.0345069,242.3106238
59,AD,2,679.926404,790.9974643
59,AD,3,790.9974643,755.4311978
59,AD,4,755.4311978,714.6182326
59,AD,5,714.6182326,707.8390385
6,AC,2,822.8541458,694.5462244
6,AC,3,694.5462244,939.9574825
6,AC,4,939.9574825,298.7425181
60,AD,2,1247.47124,1351.389484
60,AD,3,1351.389484,982.4467589
60,AD,4,982.4467589,1265.838043
60,AD,5,1265.838043,1130.705044
61,AD,2,441.5618481,390.6325378
61,AD,3,390.6325378,360.3970212
61,AD,4,360.3970212,239.9960744
61,AD,5,239.9960744,170.8852198
62,AD,2,513.0423291,219.9364807
62,AD,3,219.9364807,258.7400827
63,AD,2,336.9346608,330.8110826
63,AD,3,330.8110826,331.8340877
63,AD,4,331.8340877,352.3943432
63,AD,5,352.3943432,360.0174636
64,AD,2,1694.469256,1634.079521
64,AD,3,1634.079521,1699.054892
64,AD,4,1699.054892,653.3532501
65,AD,3,19.34451089,19.8369933
65,AD,4,19.8369933,34.9062735
65,AD,5,34.9062735,55.64287605
66,AD,3,475.3021605,449.9248084
66,AD,4,449.9248084,488.803219
66,AD,5,488.803219,434.2636693
67,AD,3,451.10504,270.3580055
68,AH,2,1156.859594,641.1329021
68,AH,3,641.1329021,302.1720315
68,AH,4,302.1720315,51.10731459
69,AH,2,3239.863763,3851.204139
7,AC,2,209.7694385,662.9408661
7,AC,3,662.9408661,846.1843196
7,AC,4,846.1843196,842.4964267
7,AC,5,842.4964267,2173.308999
70,AH,2,2309.154508,1611.585604
70,AH,3,1611.585604,2766.022257
70,AH,4,2766.022257,2536.233556
70,AH,5,2536.233556,2465.272733
71,AH,2,999.2740829,1573.032164
71,AH,3,1573.032164,1344.261457
72,AH,2,3349.951718,4525.546338
72,AH,3,4525.546338,4831.887006
72,AH,4,4831.887006,824.772642
73,AH,2,1900.729788,1589.279231
73,AH,3,1589.279231,2479.87323
73,AH,4,2479.87323,1841.008602
73,AH,5,1841.008602,1667.630455
74,AH,3,285.1980903,309.5476284
75,AH,2,529.2142797,629.7958326
75,AH,3,629.7958326,791.3640507
75,AH,4,791.3640507,42.42773582
76,AH,2,2307.547449,3119.858551
76,AH,3,3119.858551,873.6155417
76,AH,4,873.6155417,766.7413074
76,AH,5,766.7413074,181.6093547
77,AH,2,320.317237,584.2340005
77,AH,3,584.2340005,978.1913514
77,AH,4,978.1913514,213.9938267
77,AH,5,213.9938267,169.9247139
78,AH,2,1235.199589,2021.326573
78,AH,3,2021.326573,3214.689062
78,AH,4,3214.689062,361.6203024
79,AH,2,187.227441,65.04661324
79,AH,3,65.04661324,157.3413701
79,AH,4,157.3413701,230.4892046
8,AC,2,1855.806614,2956.226823
8,AC,3,2956.226823,2277.953006
8,AC,4,2277.953006,900.4240815
8,AC,5,900.4240815,351.2695729
80,AH,2,6228.794334,8544.416092
80,AH,3,8544.416092,5260.779645
81,AH,2,10036.04187,9049.973413
82,AH,2,452.5451812,304.81607
82,AH,3,304.81607,181.0852984
83,AH,2,1836.58862,2299.899032
83,AH,3,2299.899032,2372.891795
84,AH,2,930.5810863,426.2261425
84,AH,3,426.2261425,474.4432327
84,AH,4,474.4432327,286.1715555
86,AH,2,2795.325909,3237.246953
86,AH,3,3237.246953,3378.455254
86,AH,4,3378.455254,3919.839279
86,AH,5,3919.839279,3052.087117
88,AH,2,1325.934263,1307.008305
9,AC,2,6721.507901,8694.906609
9,AC,3,8694.906609,10463.6791
9,AC,4,10463.6791,7062.401549
9,AC,5,7062.401549,3320.553547
90,AH,2,2638.228741,3275.399097
90,AH,3,3275.399097,4111.048337
90,AH,4,4111.048337,579.6110907
91,AH,2,870.1466959,1661.60164
91,AH,3,1661.60164,2120.276785
91,AH,4,2120.276785,2538.124924
91,AH,5,2538.124924,2579.447249
92,AH,2,3122.211198,3720.79828
92,AH,3,3720.79828,3776.935262
92,AH,4,3776.935262,105.5958612
93,AH,2,999.1994272,2025.872269
93,AH,3,2025.872269,3146.772263
93,AH,4,3146.772263,1710.315756
94,AH,2,2010.070712,2885.872435
94,AH,3,2885.872435,3489.331921
94,AH,4,3489.331921,3086.545489
94,AH,5,3086.545489,2448.331889
95,AH,2,1891.723189,3180.581843
95,AH,3,3180.581843,1700.852394
95,AH,4,1700.852394,1280.628297
95,AH,5,1280.628297,1635.610976
96,AH,2,2537.814437,412.201205
96,AH,3,412.201205,51.88112953
96,AH,4,51.88112953,486.7706187
97,AH,2,2710.724944,3910.614226
97,AH,3,3910.614226,2536.592352
98,AH,3,2573.326096,2368.54246
98,AH,4,2368.54246,2302.807476
98,AH,5,2302.807476,2410.850872
99,AH,3,57.93932407,167.8278299